LOCATION_NAME,SAMPLE COLLECTION TIME,DOSE EQUIVALENT RATE (nSv/h),GAMMA COUNT RATE R02 (CPM),GAMMA COUNT RATE R03 (CPM),GAMMA COUNT RATE R04 (CPM),GAMMA COUNT RATE R05 (CPM),GAMMA COUNT RATE R06 (CPM),GAMMA COUNT RATE R07 (CPM),GAMMA COUNT RATE R08 (CPM),GAMMA COUNT RATE R09 (CPM),STATUS
FL: JACKSONVILLE,02/10/2009 13:42:00,,1740.00,1081.00,308.00,175.00,88.00,119.00,78.00,40.00,APPROVED
FL: JACKSONVILLE,02/21/2009 19:35:00,,1545.00,974.00,279.00,156.00,84.00,113.00,75.00,39.00,APPROVED
FL: JACKSONVILLE,11/02/2009 15:04:00,,1543.00,1004.00,285.00,161.00,84.00,116.00,80.00,37.00,APPROVED
FL: JACKSONVILLE,11/26/2009 15:09:00,,1787.00,1139.00,336.00,173.00,87.00,117.00,75.00,46.00,APPROVED
FL: JACKSONVILLE,12/05/2009 17:14:00,,1957.00,1221.00,351.00,191.00,92.00,121.00,73.00,50.00,APPROVED
